{"rho": -0.11239481868171267, "media_gols_geral": 1.3669796557120502}